{"pitch": [0.0, 882.1989404978947, 0.0, 1.0], "energy": [0.023836541920900345, 325.5154113769531, 0.0, 1.0]}